Record ID,First Name,Last Name,Email,Phone Number,Job Title,Company Name,Company Domain Name,Industry,Number of Employees,Country/Region,Lead Status,Lifecycle Stage,Original Source,Contact owner,Create Date,Last Contacted,Amount
90001, Nicholas ,Rodriguez,NICHOLAS.RODRIGUEZ@LANDRYHART.COM,,Team Lead,Landry-Hart,www.landryhart.com,Online Media,51-200,Canada,Open Deal,Lead,Referrals,Maya Chen,2026-09-12 03:01,2026-09-10 06:54,
90002,Mario,Taylor,mario.taylor@moorellc.com,+1 (760) 663-7766,VP of Sales,Moore LLC,moorellc.com,Logistics and Supply Chain,51-200,United Kingdom,Attempted to Contact,Marketing Qualified Lead,Email Marketing,Priya Nair,2025-11-01 23:55,2026-02-23 01:01,
90003,Eric,Schmidt,eric.schmidt@sullivangroup.com,+1 (480) 664-1348,Co-Founder,Sullivan Group,www.sullivangroup.com,Hospital & Health Care,591,Canada,Connected,Lead,Organic Search,Priya Nair,2026-05-12 06:32,2026-06-15 00:36,"$14,500.00"
90004,Joshua,Mills,joshua.mills@jonesdavis.com,+1 (807) 834-3953,Head of Growth,Jones-Davis,https://jonesdavis.com,Logistics and Supply Chain,51-200,Canada,Attempted to Contact,Customer,Direct Traffic,Priya Nair,2026-03-20 05:07,2026-08-18 02:30,"$11,200.00"
90005,Michael,Acosta,michael.acosta@thomasharrell.com,+1 (250) 145-2914,Director of IT,Thomas-Harrell,thomasharrell.com,Hospital & Health Care,2646,Germany,Attempted to Contact,Marketing Qualified Lead,Email Marketing,Maya Chen,2026-02-09 05:56,,"$2,300.00"
90006,Jim,Larsen,jim.larsen@tylerthomasandwilson.com,,Head of Growth,Tyler Thomas and Wilson,www.tylerthomasandwilson.com,Online Media,201-500,India,Bad Timing,Sales Qualified Lead,Email Marketing,Daniel Ortiz,2026-06-17 03:48,2026-08-05 08:34,
90007,Jennifer,Alvarez,jennifer.alvarez@elliottellis.com,,Team Lead,Elliott-Ellis,elliottellis.com,Online Media,51-200,Canada,Open,Customer,Direct Traffic,Priya Nair,2025-08-22 00:48,2025-11-15 21:02,"$26,100.00"
90008,Susan,Diaz,susan.diaz@bensonlarsenandclark.com,+1 (905) 271-8501,Team Lead,Benson Larsen and Clark,https://bensonlarsenandclark.com,Logistics and Supply Chain,201-500,United Kingdom,Open Deal,Customer,Email Marketing,Tom Becker,2026-05-14 09:19,2026-06-27 21:27,
90009,Mark,Dunn,mark.dunn@mckenziewhiteandvald.com,+1 (917) 518-1699,Software Engineer,Mckenzie White and Valdez,https://mckenziewhiteandvald.com,Mechanical or Industrial Engineering,51-200,Germany,Connected,Customer,Organic Search,Tom Becker,2026-06-07 21:17,2026-07-26 09:04,"$7,000.00"
90010,Whitney,Pratt,whitney.pratt@mitchellllc.com,+1 (460) 097-4835,Head of Growth,Mitchell LLC,www.mitchellllc.com,Mechanical or Industrial Engineering,51-200,United Kingdom,Bad Timing,Customer,Offline Sources,Priya Nair,2026-07-26 02:20,,
90011,Jodi,Benson,jodi.benson@baldwinking.com,+1 (525) 392-9629,Analyst,Baldwin-King,baldwinking.com,Logistics and Supply Chain,51-200,United States,Bad Timing,Marketing Qualified Lead,Social Media,Tom Becker,2026-07-09 08:37,2026-08-02 03:14,
90012,Victoria,Walsh,victoria.walsh@reynoldsandsons.com,+1 (727) 764-5863,Head of Growth,Reynolds and Sons,reynoldsandsons.com,Logistics and Supply Chain,201-500,United Kingdom,Connected,Opportunity,Email Marketing,Priya Nair,2026-03-21 00:06,2026-03-24 08:40,"$8,600.00"
90013,John,Wu,john.wu@davisplc.com,+1 (476) 109-3441,Team Lead,Davis PLC,https://davisplc.com,Hospital & Health Care,201-500,United Kingdom,Unqualified,Sales Qualified Lead,Offline Sources,Tom Becker,2026-03-02 05:25,2026-07-03 08:04,
90014,Reginald,Michael,reginald.michael@wrightwardanddiaz.com,+1 (569) 639-5682,Co-Founder,Wright Ward and Diaz,www.wrightwardanddiaz.com,Mechanical or Industrial Engineering,201-500,India,Attempted to Contact,Lead,Direct Traffic,Tom Becker,2026-06-26 08:43,2026-09-05 06:00,
90015, Michael ,Wright,MICHAEL.WRIGHT@EVANSSMITH.COM,+1 (546) 924-2121,Team Lead,Evans-Smith,https://evanssmith.com,Online Media,767,United States,Connected,Sales Qualified Lead,Offline Sources,Daniel Ortiz,2026-09-12 10:26,,"$68,900.00"
90016,Brittany,Fields,brittany.fields@thomaslittleandmccla.com,+1 (184) 731-1573,CEO,Thomas Little and Mcclain,thomaslittleandmccla.com,Online Media,201-500,Germany,Open,Marketing Qualified Lead,Organic Search,Maya Chen,2026-05-27 00:51,2026-05-29 05:33,"$16,000.00"
90017,Mary,Vaughn,mary.vaughn@grahammcdonald.com,+1 (683) 698-9080,Team Lead,Graham-Mcdonald,www.grahammcdonald.com,Education Management,619,United States,Bad Timing,Marketing Qualified Lead,Social Media,Tom Becker,2025-10-30 00:27,2026-05-30 02:07,"$14,000.00"
90018,Cindy,Acosta,cindy.acosta@gravesholdenandclark.com,+1 (980) 453-5471,"Vice President, Operations",Graves Holden and Clarke,www.gravesholdenandclark.com,Hospital & Health Care,201-500,Canada,Attempted to Contact,Sales Qualified Lead,Referrals,Maya Chen,2026-01-26 01:56,2026-08-03 08:12,"$32,800.00"
90019,Alyssa,Esparza,alyssa.esparza@johnsonrobertsandrey.com,+1 (010) 482-5364,Software Engineer,Johnson Roberts and Reynolds,https://johnsonrobertsandrey.com,Online Media,3336,Canada,Connected,Opportunity,Referrals,Maya Chen,2025-11-04 00:58,,"$49,600.00"
90020,Jennifer,Williams,jennifer.williams@blanchardltd.com,+1 (579) 612-1446,Co-Founder,Blanchard Ltd,https://blanchardltd.com,Computer Software,1070,Germany,Bad Timing,Marketing Qualified Lead,Social Media,Tom Becker,2025-10-15 23:17,2026-05-16 04:21,"$39,200.00"
90021,David,Davis,david.davis@sanchezgroup.com,+1 (775) 351-2399,Analyst,Sanchez Group,sanchezgroup.com,Logistics and Supply Chain,3703,Germany,Bad Timing,Customer,Organic Search,Daniel Ortiz,2026-09-03 00:22,,
90022,Daniel,Ellison,daniel.ellison@huangharris.com,+1 (829) 816-4494,Software Engineer,Huang-Harris,www.huangharris.com,Financial Services,201-500,United States,New,Lead,Referrals,Daniel Ortiz,2026-04-23 09:16,2026-04-29 22:05,
90023,Antonio,Rose,antonio.rose@hudsonandsons.com,+1 (582) 439-5002,Co-Founder,Hudson and Sons,https://hudsonandsons.com,Hospital & Health Care,51-200,United States,In Progress,Opportunity,Offline Sources,Tom Becker,2026-04-03 10:58,2026-05-03 22:41,"$49,800.00"
90024,Dawn,Franklin,dawn.franklin@masongroup.com,+1 (937) 370-1802,,Mason Group,www.masongroup.com,Retail,2775,United States,Unqualified,Opportunity,Organic Search,Tom Becker,2025-09-01 09:52,2025-11-18 00:03,"$70,800.00"
90025,Michael,Barber,michael.barber@escobarmorris.com,+1 (799) 478-4753,Software Engineer,Escobar-Morris,escobarmorris.com,Logistics and Supply Chain,201-500,United States,In Progress,Customer,Direct Traffic,Maya Chen,2026-02-10 08:31,,
90026,Amy,Ross,amy.ross@leonardltd.com,,"Vice President, Operations",Leonard Ltd,leonardltd.com,Computer Software,51-200,Germany,Open,Opportunity,Organic Search,Daniel Ortiz,2026-02-17 06:10,2026-07-05 09:14,"$33,100.00"
90027,Jennifer,Lopez,jennifer.lopez@penajohnson.com,,CEO,Pena-Johnson,https://penajohnson.com,Computer Software,2956,Germany,In Progress,Lead,Social Media,Maya Chen,2026-06-22 05:09,,
90028,John,Snyder,john.snyder@hamiltoncabrera.com,+1 (785) 136-9042,Marketing Manager,Hamilton-Cabrera,hamiltoncabrera.com,Hospital & Health Care,201-500,United States,Connected,Lead,Offline Sources,Tom Becker,2026-08-21 02:17,2026-09-10 05:03,"$53,600.00"
90029,Jessica,Armstrong,jessica.armstrong@howardlucasandwood.com,+1 (027) 448-7510,Analyst,Howard Lucas and Wood,www.howardlucasandwood.com,Hospital & Health Care,51-200,India,Attempted to Contact,Lead,Social Media,Tom Becker,2025-12-10 21:59,2026-06-26 21:55,"$70,500.00"
90030,Heather,White,heather.white@jacksonplc.com,+1 (702) 414-5995,Marketing Manager,Jackson PLC,jacksonplc.com,Hospital & Health Care,4997,India,In Progress,Customer,Offline Sources,Priya Nair,2026-08-03 06:47,2026-08-27 22:28,"$81,800.00"
90031,Richard,Garza,richard.garza@robertswrightandchas.com,+1 (164) 970-1693,CEO,,robertswrightandchas.com,Financial Services,201-500,United States,Open Deal,Sales Qualified Lead,Email Marketing,Tom Becker,2026-05-05 06:25,,"$71,500.00"
90032,Nicole,Campbell,nicole.campbell@walkerinc.com,+1 (829) 406-1984,Team Lead,Walker Inc,https://walkerinc.com,Financial Services,3652,Germany,Bad Timing,Marketing Qualified Lead,Referrals,Maya Chen,2026-03-10 04:11,,
90033,Stephanie,Shaw,stephanie.shaw@sextonkochandwilliam.com,+1 (004) 460-9013,Team Lead,Sexton Koch and Williams,https://sextonkochandwilliam.com,Computer Software,51-200,Canada,New,Lead,Social Media,Tom Becker,2025-10-04 09:31,2026-09-13 22:15,"$18,600.00"
90034,Erik,Allison,erik.allison@escobarmillerandcant.com,+1 (627) 730-6898,VP of Sales,Escobar Miller and Cantu,www.escobarmillerandcant.com,Online Media,201-500,United Kingdom,Open,Marketing Qualified Lead,Social Media,Maya Chen,2026-01-19 07:34,2026-02-23 05:07,"$81,700.00"
90035,Patrick,Meyer,patrick.meyer@stewartcombsandhendr.com,+1 (751) 049-0495,Head of Growth,Stewart Combs and Hendrix,https://stewartcombsandhendr.com,Financial Services,51-200,United Kingdom,Unqualified,Sales Qualified Lead,Social Media,Maya Chen,2025-12-10 08:17,2026-04-04 07:32,
90036,Craig,Johnson,craig.johnson@hamiltoninc.com,+1 (568) 232-6756,CEO,Hamilton Inc,https://hamiltoninc.com,Financial Services,201-500,United Kingdom,Attempted to Contact,Opportunity,Offline Sources,Daniel Ortiz,2025-11-28 06:18,,
90037,Lauren,Wilson,lauren.wilson@brownreyes.com,+1 (547) 432-6372,Head of Growth,Brown-Reyes,https://brownreyes.com,Retail,175,United Kingdom,Open,Customer,Organic Search,Priya Nair,2026-06-09 04:40,2026-09-14 05:11,"$24,400.00"
90038,Jonathan,Brown,jonathan.brown@graymoran.com,+1 (691) 826-8767,Analyst,Gray-Moran,www.graymoran.com,Mechanical or Industrial Engineering,51-200,United States,Attempted to Contact,Marketing Qualified Lead,Email Marketing,Tom Becker,2026-07-20 10:53,2026-09-12 11:33,"$74,200.00"
90039,Sydney,Smith,sydney.smith@jonesjonesandcollins.com,+1 (211) 785-0255,"Vice President, Operations",Jones Jones and Collins,https://jonesjonesandcollins.com,Online Media,1645,Germany,Open Deal,Customer,Referrals,Daniel Ortiz,2025-10-08 09:41,2026-01-03 07:53,"$37,900.00"
90040,Ryan,Sanders,ryan.sanders@williamskelly.com,+1 (886) 363-7116,Head of Growth,Williams-Kelly,https://williamskelly.com,Online Media,51-200,Germany,New,Sales Qualified Lead,Direct Traffic,Priya Nair,2026-07-05 03:22,2026-09-08 04:36,
90041,Bradley,Wright,BRADLEY.WRIGHT@BARRONANDSONS.IO,+1 (122) 528-8375,Software Engineer,Barron and Sons,barronandsons.io,Computer Software,201-500,India,Open Deal,Sales Qualified Lead,Organic Search,Tom Becker,2025-10-05 06:41,,
90042,Sean,Merritt,sean.merritt@joneswilsonandflower.com,+1 (811) 648-1316,Director of IT,Jones Wilson and Flowers,www.joneswilsonandflower.com,Hospital & Health Care,51-200,United Kingdom,Open Deal,Lead,Organic Search,Priya Nair,2025-09-22 03:58,2026-04-16 00:37,
90043,Meredith,Duffy,meredith.duffy@wilsonjonesandhoward.com,+1 (841) 870-3150,Co-Founder,Wilson Jones and Howard,www.wilsonjonesandhoward.com,Computer Software,1880,United States,Unqualified,Marketing Qualified Lead,Referrals,Maya Chen,2025-12-16 05:06,,"$32,700.00"
90044,Robert,Welch,robert.welch@hughesshelton.com,+1 (202) 103-4581,Analyst,Hughes-Shelton,hughesshelton.com,Financial Services,3717,United States,Connected,Lead,Referrals,Maya Chen,2026-05-04 23:40,2026-07-06 06:11,"$73,400.00"
90045,Laura,Morrison,laura.morrison@allengroup.com,+1 (975) 508-6754,Software Engineer,Allen Group,allengroup.com,Mechanical or Industrial Engineering,1682,United States,Unqualified,Lead,Organic Search,Tom Becker,2026-08-18 09:23,,
90046,Anthony,Burke,anthony.burke@johnsonbernard.com,+1 (179) 740-5429,Head of Growth,Johnson-Bernard,johnsonbernard.com,Retail,51-200,United Kingdom,In Progress,Lead,Social Media,Maya Chen,2025-10-23 08:57,,"$81,700.00"
90047,Shaun,Castro,shaun.castro@hayeswyatt.com,+1 (328) 792-1742,Analyst,Hayes-Wyatt,hayeswyatt.com,Hospital & Health Care,51-200,Canada,In Progress,Lead,Social Media,Priya Nair,2026-01-22 09:35,2026-02-07 22:41,"$84,900.00"
90048,Dalton,King,dalton.king@brownberg.com,+1 (548) 573-8063,Marketing Manager,Brown-Berg,https://brownberg.com,Computer Software,2110,United Kingdom,Unqualified,Marketing Qualified Lead,Offline Sources,Daniel Ortiz,2026-02-20 04:37,2026-03-21 03:39,
90049,Taylor,Hunt,taylor.hunt@gardnerbeard.com,,Software Engineer,Gardner-Beard,gardnerbeard.com,Retail,201-500,India,Bad Timing,Lead,Direct Traffic,Tom Becker,2026-05-29 01:19,2026-09-10 07:37,"$86,500.00"
90050,Kyle,Gomez,kyle.gomez@wrightgroup.com,+1 (703) 972-8172,"Vice President, Operations",Wright Group,www.wrightgroup.com,Logistics and Supply Chain,201-500,Canada,Open,Opportunity,Organic Search,Maya Chen,2026-02-24 03:30,2026-05-30 22:32,"$8,600.00"
90051,Christopher,Valdez,christopher.valdez@jonesllc.com,+1 (822) 591-4797,Marketing Manager,Jones LLC,www.jonesllc.com,Logistics and Supply Chain,51-200,India,Open Deal,Sales Qualified Lead,Organic Search,Priya Nair,2025-10-27 06:52,2026-01-31 00:12,"$68,300.00"
90052,Michael,Joseph,michael.joseph@davispetersonandhend.com,+1 (279) 484-0615,Head of Growth,Davis Peterson and Henderson,davispetersonandhend.com,Education Management,4306,United States,Unqualified,Lead,Direct Traffic,Priya Nair,2025-12-29 04:30,2026-06-15 22:08,
90053, Nicole ,Porter,NICOLE.PORTER@HALLPLC.COM,+1 (128) 657-4204,,Hall PLC,https://hallplc.com,Computer Software,51-200,United States,Unqualified,Customer,Social Media,Priya Nair,2026-09-12 05:56,2026-03-01 11:55,"$70,000.00"
90054, Bobby ,Edwards,BOBBY.EDWARDS@RODGERSNORMANANDHUBB.COM,+1 (718) 264-3279,Software Engineer,Rodgers Norman and Hubbard,https://rodgersnormanandhubb.com,Mechanical or Industrial Engineering,335,India,Unqualified,Opportunity,Organic Search,Priya Nair,2026-09-12 11:30,2026-09-08 23:59,"$77,700.00"
90055,Linda,Castillo,linda.castillo@lewismcdonald.com,+1 (477) 727-3866,Director of IT,Lewis-Mcdonald,www.lewismcdonald.com,Online Media,991,United Kingdom,New,Sales Qualified Lead,Email Marketing,Daniel Ortiz,2026-01-27 07:20,,
90056,Stephanie,Beasley,stephanie.beasley@pierceinc.com,+1 (479) 726-7936,Marketing Manager,Pierce Inc,www.pierceinc.com,Hospital & Health Care,201-500,United States,Connected,Lead,Referrals,Maya Chen,2026-05-30 11:24,,"$71,200.00"
90057,William,Andrews,william.andrews@hatfieldplc.com,+1 (390) 312-3796,CEO,Hatfield PLC,hatfieldplc.com,Hospital & Health Care,201-500,Germany,Unqualified,Lead,Social Media,Maya Chen,2026-04-18 08:56,2026-07-29 07:49,"$81,500.00"
90058,Lance,Lopez,lance.lopez@hamptongreenanderick.com,,Analyst,Hampton Green and Erickson,hamptongreenanderick.com,Computer Software,201-500,Germany,In Progress,Lead,Offline Sources,Maya Chen,2025-09-06 09:38,2026-03-19 21:55,
90059,Jeremiah,Woods,jeremiah.woods@paulplc.com,+1 (371) 565-4974,Head of Growth,Paul PLC,https://paulplc.com,Mechanical or Industrial Engineering,201-500,United States,Unqualified,Marketing Qualified Lead,Social Media,Daniel Ortiz,2025-12-18 10:40,2026-02-04 03:01,
90060,Jacob,Hunter,jacob.hunter@lopezsweeneyandgonza.com,+1 (895) 010-0547,Co-Founder,Lopez Sweeney and Gonzalez,https://lopezsweeneyandgonza.com,Logistics and Supply Chain,201-500,United States,Open,Customer,Email Marketing,Tom Becker,2026-08-10 05:55,2026-08-21 06:37,
90061,Christopher,Aguilar,christopher.aguilar@smithllc.com,+1 (597) 297-9262,Software Engineer,Smith LLC,smithllc.com,Online Media,201-500,United States,Unqualified,Lead,Organic Search,Maya Chen,2026-04-04 11:21,2026-04-12 07:45,"$28,100.00"
90062,Monique,Marsh,monique.marsh@schwartzmason.com,+1 (665) 847-7898,Analyst,Schwartz-Mason,schwartzmason.com,Financial Services,2999,Germany,Open Deal,Lead,Organic Search,Tom Becker,2025-10-06 21:38,2026-06-16 00:01,"$38,100.00"
90063,Renee,Foley,renee.foley@wagnerjohnson.com,+1 (586) 470-3160,Marketing Manager,Wagner-Johnson,https://wagnerjohnson.com,Online Media,201-500,United States,Open Deal,Customer,Offline Sources,Daniel Ortiz,2025-09-08 02:58,,"$57,500.00"
90064,Jacqueline,Madden,jacqueline.madden@leeandsons.com,+1 (045) 539-7179,VP of Sales,Lee and Sons,www.leeandsons.com,Hospital & Health Care,201-500,Canada,Connected,Opportunity,Direct Traffic,Tom Becker,2025-11-15 08:29,2026-05-06 07:14,
90065,Tiffany,White,tiffany.white@olsenltd.com,+1 (320) 502-3027,Marketing Manager,Olsen Ltd,olsenltd.com,Online Media,51-200,Germany,Open Deal,Opportunity,Organic Search,Maya Chen,2026-02-08 06:46,2026-08-27 01:51,"$57,900.00"
90066,Cameron,Torres,CAMERON.TORRES51@GMAIL.COM,+1 (561) 851-7446,VP of Sales,Finley Inc,finleyinc.com,Retail,2398,Canada,Bad Timing,Lead,Email Marketing,Daniel Ortiz,2025-10-28 04:21,2026-06-23 11:33,"$82,400.00"
90067, Matthew ,Ashley,MATTHEW.ASHLEY@JACKSONGARRETT.COM,+1 (774) 621-9077,Co-Founder,Jackson-Garrett,jacksongarrett.com,Hospital & Health Care,51-200,Germany,Bad Timing,Sales Qualified Lead,Direct Traffic,Priya Nair,2026-09-12 11:45,2026-03-13 08:11,"$64,100.00"
90068, Melissa ,Mcgee,MELISSA.MCGEE@DANIELSAGUILARANDDAV.COM,+1 (095) 798-6116,Director of IT,Daniels Aguilar and Davis,danielsaguilaranddav.com,Mechanical or Industrial Engineering,51-200,United States,Connected,Lead,Direct Traffic,Tom Becker,2026-09-11 21:06,,"$75,000.00"
90069,Sarah,Hernandez,sarah.hernandez@murphyscott.com,+1 (953) 786-0271,Marketing Manager,Murphy-Scott,www.murphyscott.com,Retail,51-200,Germany,Unqualified,Customer,Social Media,Maya Chen,2026-07-09 02:38,,
90070,Joseph,Reed,joseph.reed@arroyomasonandshea.com,,Software Engineer,Arroyo Mason and Shea,arroyomasonandshea.com,Online Media,201-500,United States,Bad Timing,Lead,Offline Sources,Daniel Ortiz,2025-12-10 10:53,,
90071,Michael,Moore,michael.moore@ramoscontreras.com,+1 (794) 965-8242,Head of Growth,Ramos-Contreras,ramoscontreras.com,Computer Software,1183,Canada,Unqualified,Marketing Qualified Lead,Offline Sources,Daniel Ortiz,2025-12-05 03:40,,
90072,Paul,Rubio,paul.rubio@smithclarkandkent.com,+1 (766) 619-3451,Head of Growth,Smith Clark and Kent,smithclarkandkent.com,Logistics and Supply Chain,2729,Germany,Open,Marketing Qualified Lead,Direct Traffic,Maya Chen,2026-02-19 11:49,2026-04-24 01:16,"$83,600.00"
90073,Renee,Gaines,renee.gaines@brownsimpson.com,+1 (947) 541-0055,Team Lead,Brown-Simpson,www.brownsimpson.com,Mechanical or Industrial Engineering,51-200,India,Open Deal,Opportunity,Email Marketing,Maya Chen,2025-10-24 03:13,2025-11-29 10:04,
90074,Susan,Lee,susan.lee@parkerwiggins.com,+1 (012) 069-2881,"Vice President, Operations",Parker-Wiggins,www.parkerwiggins.com,Online Media,51-200,Germany,Connected,Marketing Qualified Lead,Email Marketing,Maya Chen,2026-05-02 04:59,,
90075,Diane,Chavez,diane.chavez@davisllc.com,+1 (050) 950-2715,CEO,Davis LLC,davisllc.com,Financial Services,51-200,United States,Unqualified,Lead,Direct Traffic,Daniel Ortiz,2025-11-22 00:16,2026-04-07 09:07,
90076,Corey,Hall,corey.hall@wallacellc.com,+1 (456) 300-2722,"Vice President, Operations",Wallace LLC,wallacellc.com,Logistics and Supply Chain,201-500,Germany,Open,Marketing Qualified Lead,Email Marketing,Tom Becker,2025-10-28 11:08,2026-08-21 07:51,
90077,Timothy,Walker,timothy.walker@robinsonandsons.com,+1 (688) 403-0757,Software Engineer,Robinson and Sons,robinsonandsons.com,Logistics and Supply Chain,201-500,United Kingdom,In Progress,Lead,Organic Search,Priya Nair,2026-07-09 00:19,2026-08-29 07:56,
90078,Christine,Clark,christine.clark@christiangroup.com,+1 (951) 540-3896,Head of Growth,Christian Group,www.christiangroup.com,Retail,201-500,India,Connected,Sales Qualified Lead,Social Media,Priya Nair,2026-07-25 01:12,2026-07-24 21:20,"$23,600.00"
90079,Maria,Herman,maria.herman@gallagherkennedyandj.com,+1 (535) 375-0370,VP of Sales,Gallagher Kennedy and Jacobs,www.gallagherkennedyandj.com,Financial Services,51-200,Canada,Open,Marketing Qualified Lead,Email Marketing,Maya Chen,2026-01-04 03:25,2026-09-07 03:12,"$44,000.00"
90080,Todd,Jennings,todd.jennings@colonsmith.com,+1 (439) 147-5423,Software Engineer,Colon-Smith,www.colonsmith.com,Computer Software,1951,Germany,Connected,Opportunity,Direct Traffic,Tom Becker,2026-05-22 01:40,2026-06-04 22:23,
90081,Kristin,Brown,kristin.brown@owenshale.com,+1 (027) 922-7800,VP of Sales,Owens-Hale,www.owenshale.com,Retail,4623,India,Unqualified,Marketing Qualified Lead,Email Marketing,Priya Nair,2025-09-19 22:20,2025-10-25 07:43,"$22,500.00"
90082,Lauren,Young,lauren.young@yatesscott.com,+1 (816) 580-1772,Director of IT,Yates-Scott,https://yatesscott.com,Financial Services,201-500,United Kingdom,Bad Timing,Lead,Organic Search,Tom Becker,2026-05-31 03:37,2026-09-07 07:43,"$14,400.00"
90083,Jason,Lawrence,jason.lawrence@hollandbrooks.com,+1 (149) 116-3450,Software Engineer,Holland-Brooks,hollandbrooks.com,Mechanical or Industrial Engineering,201-500,Germany,New,Opportunity,Social Media,Priya Nair,2026-03-21 03:31,2026-08-22 01:11,"$66,700.00"
90084,Michael,Wright,michael.wright@evanssmith.com,+1 (546) 924-2121,Team Lead,Evans-Smith,https://evanssmith.com,Online Media,767,United States,Connected,Sales Qualified Lead,Offline Sources,Daniel Ortiz,2026-03-25 04:58,,"$68,900.00"
90085,Jody,Adams,jody.adams@martinezgroup.com,+1 (943) 207-9244,Head of Growth,Martinez Group,www.martinezgroup.com,Mechanical or Industrial Engineering,51-200,Canada,New,Customer,Direct Traffic,Maya Chen,2025-11-07 04:59,,"$62,700.00"
90086,Brianna,Duffy,BRIANNA.DUFFY@GUTIERREZGROUP.IO,+1 (007) 309-5055,Team Lead,Gutierrez Group,gutierrezgroup.io,Retail,201-500,United States,Attempted to Contact,Customer,Referrals,Daniel Ortiz,2025-11-15 07:05,2026-01-13 03:58,"$80,100.00"
90087,Katie,Baker,katie.baker@sparksltd.com,+1 (764) 817-6649,Director of IT,Sparks Ltd,https://sparksltd.com,Financial Services,51-200,Germany,Open Deal,Customer,Direct Traffic,Maya Chen,2025-12-06 05:17,2026-08-23 05:21,
90088,Julian,Schmidt,julian.schmidt@davisandsons.com,,VP of Sales,Davis and Sons,www.davisandsons.com,Education Management,201-500,Germany,Open,Opportunity,Organic Search,Tom Becker,2026-08-03 02:14,2026-08-22 23:26,"$69,800.00"
90089,Francisco,Wilson,francisco.wilson@grossknightandmoore.com,+1 (572) 904-0526,,Gross Knight and Moore,www.grossknightandmoore.com,Financial Services,2922,United States,Unqualified,Marketing Qualified Lead,Email Marketing,Daniel Ortiz,2026-05-23 10:22,,"$32,500.00"
90090,Barbara,Blair,barbara.blair@vasquezandsons.com,+1 (063) 963-8452,Co-Founder,,vasquezandsons.com,Computer Software,51-200,United States,Connected,Marketing Qualified Lead,Social Media,Tom Becker,2026-05-10 08:40,,"$20,100.00"
90091,Sarah,Mullins,sarah.mullins@paynecolonandmendoza.com,+1 (512) 172-6761,CEO,Payne Colon and Mendoza,paynecolonandmendoza.com,Mechanical or Industrial Engineering,3955,United Kingdom,Connected,Customer,Email Marketing,Priya Nair,2026-08-20 08:39,2026-08-26 03:24,
90092,Jennifer,Dodson,jennifer.dodson@barajasgibsonandlewi.com,+1 (439) 189-5960,Head of Growth,Barajas Gibson and Lewis,www.barajasgibsonandlewi.com,Retail,98,United States,Bad Timing,Marketing Qualified Lead,Direct Traffic,Daniel Ortiz,2026-07-22 09:41,2026-07-29 09:29,"$78,700.00"
90093,Whitney,Forbes,whitney.forbes@zimmermanllc.com,+1 (384) 019-1614,Director of IT,Zimmerman LLC,www.zimmermanllc.com,Financial Services,201-500,United States,Open Deal,Marketing Qualified Lead,Organic Search,Tom Becker,2025-12-22 05:36,2026-08-11 02:24,
90094,Riley,Cohen,riley.cohen@merrittltd.com,+1 (609) 513-6743,,Merritt Ltd,https://merrittltd.com,Online Media,51-200,United States,Connected,Opportunity,Email Marketing,Daniel Ortiz,2026-05-05 21:44,,"$20,100.00"
90095,Brittany,Mclean,brittany.mclean@kenthaynes.com,,Co-Founder,Kent-Haynes,www.kenthaynes.com,Mechanical or Industrial Engineering,2100,United Kingdom,Attempted to Contact,Marketing Qualified Lead,Offline Sources,Daniel Ortiz,2026-08-26 03:10,2026-09-13 03:48,"$37,000.00"
90096,Jocelyn,Kane,jocelyn.kane@scottinc.com,+1 (473) 563-7653,Software Engineer,Scott Inc,www.scottinc.com,Computer Software,4420,United Kingdom,Connected,Lead,Offline Sources,Priya Nair,2026-09-05 10:45,2026-09-11 03:47,"$53,700.00"
90097,Pamela,Anderson,pamela.anderson@greeninc.com,+1 (668) 236-0139,Software Engineer,Green Inc,https://greeninc.com,Online Media,201-500,United States,Bad Timing,Lead,Email Marketing,Maya Chen,2025-10-14 05:25,2026-07-27 07:36,
90098,Julie,Roberson,julie.roberson@phamgroup.com,+1 (937) 646-2529,Head of Growth,Pham Group,phamgroup.com,Retail,51-200,United States,Open Deal,Customer,Offline Sources,Tom Becker,2026-08-10 01:51,2026-09-14 02:02,"$47,200.00"
90099,William,Olson,william.olson@newtonjacksonandwill.com,+1 (305) 256-9867,CEO,Newton Jackson and Willis,https://newtonjacksonandwill.com,Logistics and Supply Chain,201-500,Germany,Open Deal,Opportunity,Offline Sources,Priya Nair,2026-07-08 11:20,2026-09-08 04:34,"$18,400.00"
90100,Mariah,Hoffman,mariah.hoffman@millsplc.com,+1 (446) 934-2884,VP of Sales,Mills PLC,millsplc.com,Online Media,150,United States,Connected,Sales Qualified Lead,Organic Search,Priya Nair,2026-05-01 03:26,2026-05-26 21:48,
90101,Claire,Jenkins,claire.jenkins@howelldavis.com,+1 (787) 686-1343,Team Lead,Howell-Davis,www.howelldavis.com,Financial Services,969,Canada,Unqualified,Customer,Organic Search,Daniel Ortiz,2026-02-07 04:26,2026-06-07 00:19,"$45,300.00"
90102,,,,+1 (737) 203-7638,Analyst,Stuart-Nelson,stuartnelson.com,Hospital & Health Care,1837,United States,Attempted to Contact,Customer,Email Marketing,Tom Becker,2025-12-26 04:09,2026-05-19 04:03,"$67,100.00"
90103,Edward,King,edward.king@walkersellers.com,+1 (239) 498-9490,Head of Growth,Walker-Sellers,walkersellers.com,Online Media,2246,United Kingdom,New,Customer,Referrals,Tom Becker,2026-08-03 00:47,,"$82,700.00"
90104,Gary,Reese,gary.reese@guzmanmartinez.com,+1 (045) 395-2298,Analyst,Guzman-Martinez,https://guzmanmartinez.com,Mechanical or Industrial Engineering,2145,United States,New,Customer,Social Media,Daniel Ortiz,2025-09-09 06:28,2026-05-18 07:35,"$3,800.00"
90105,Ryan,Jennings,ryan.jennings@petersdavidsonandmay.com,+1 (498) 608-1320,CEO,Peters Davidson and Mays,petersdavidsonandmay.com,Computer Software,201-500,United Kingdom,Attempted to Contact,Opportunity,Email Marketing,Maya Chen,2026-06-05 10:54,2026-08-13 08:37,"$25,800.00"
90106,Antonio,Bell,antonio.bell@fosterbrownandpierce.com,+1 (944) 343-7902,"Vice President, Operations",Foster Brown and Pierce,https://fosterbrownandpierce.com,Mechanical or Industrial Engineering,201-500,United States,Bad Timing,Marketing Qualified Lead,Organic Search,Daniel Ortiz,2026-04-06 09:33,2026-07-15 07:48,
90107,Matthew,Ashley,matthew.ashley@jacksongarrett.com,+1 (774) 621-9077,Co-Founder,Jackson-Garrett,jacksongarrett.com,Hospital & Health Care,51-200,Germany,Bad Timing,Sales Qualified Lead,Direct Traffic,Priya Nair,2026-02-07 10:42,2026-03-13 08:11,"$64,100.00"
90108,Diane,Bentley,diane.bentley@kiddltd.com,+1 (586) 923-6911,Team Lead,Kidd Ltd,kiddltd.com,Online Media,201-500,Germany,Attempted to Contact,Opportunity,Social Media,Tom Becker,2026-05-23 01:19,2026-08-15 08:52,
90109,Tina,Schmidt,TINA.SCHMIDT@WILSONMCCORMICKANDSMITH.IO,+1 (415) 152-6384,"Vice President, Operations",Wilson Mccormick and Smith,wilsonmccormickandsmith.io,Education Management,51-200,India,Attempted to Contact,Marketing Qualified Lead,Offline Sources,Tom Becker,2025-10-23 21:16,2026-06-19 01:42,"$25,000.00"
90110,Paula,Ochoa,paula.ochoa@thomasschwartz.com,+1 (304) 075-4572,Co-Founder,Thomas-Schwartz,thomasschwartz.com,Education Management,51-200,United States,Unqualified,Sales Qualified Lead,Referrals,Maya Chen,2026-06-24 06:51,2026-07-31 09:40,"$26,400.00"
90111,Joseph,Garcia,joseph.garcia@edwardsltd.com,+1 (362) 322-5979,Software Engineer,Edwards Ltd,https://edwardsltd.com,Education Management,201-500,Canada,Unqualified,Opportunity,Organic Search,Priya Nair,2025-09-26 00:04,2026-01-08 10:47,"$66,400.00"
90112,Gabriella,Flores,gabriella.flores@colemancarter.com,+1 (074) 142-2070,"Vice President, Operations",Coleman-Carter,https://colemancarter.com,Computer Software,51-200,United States,Connected,Sales Qualified Lead,Offline Sources,Tom Becker,2025-10-27 10:12,,"$22,900.00"
90113,Christina,White,christina.white@cobbrichards.com,+1 (540) 070-6173,Marketing Manager,Cobb-Richards,www.cobbrichards.com,Education Management,51-200,United States,Connected,Opportunity,Email Marketing,Daniel Ortiz,2026-01-06 22:39,,
90114,Deborah,Carroll,deborah.carroll@,+1 (732) 283-6084,Marketing Manager,Mccoy Inc,www.mccoyinc.com,Mechanical or Industrial Engineering,1841,United States,Bad Timing,Opportunity,Referrals,Daniel Ortiz,2025-10-01 01:59,2026-01-15 05:39,"$64,800.00"
90115,Alicia,Smith,alicia.smith@waltersgrayandschnei.com,+1 (399) 576-8911,Director of IT,Walters Gray and Schneider,waltersgrayandschnei.com,Mechanical or Industrial Engineering,51-200,India,Open,Customer,Direct Traffic,Priya Nair,2026-04-01 01:06,,
90116,Jennifer,Jones,jennifer.jones@turnergarcia.com,+1 (590) 344-5369,CEO,Turner-Garcia,https://turnergarcia.com,Computer Software,51-200,United Kingdom,Unqualified,Lead,Email Marketing,Maya Chen,2026-06-05 10:16,2026-07-13 00:52,"$30,400.00"
90117,Tracy,Hill,tracy.hill@kinggroup.com,+1 (720) 078-4361,Co-Founder,King Group,www.kinggroup.com,Mechanical or Industrial Engineering,51-200,United Kingdom,Unqualified,Customer,Social Media,Maya Chen,2025-09-09 23:24,2026-02-10 03:08,TBD
90118,Susan,Rodriguez,susan.rodriguez@kingsanchez.com,+1 (899) 827-8020,Director of IT,King-Sanchez,https://kingsanchez.com,Computer Software,51-200,Germany,Connected,Customer,Social Media,Maya Chen,2027-01-05 09:00,2026-06-30 05:59,"$79,400.00"
90119,Gina,Dunlap,gina.dunlap@murphybrown.com,+1 (048) 994-7051,Co-Founder,Murphy-Brown,https://murphybrown.com,Computer Software,51-200,United Kingdom,Attempted to Contact,Marketing Qualified Lead,Organic Search,Daniel Ortiz,2026-07-05 01:17,,"$89,300.00"
90120,Danny,Mcmillan,danny.mcmillan@warrenreynolds.com,+1 (050) 496-6954,Analyst,Warren-Reynolds,warrenreynolds.com,Logistics and Supply Chain,2079,India,Open Deal,Opportunity,Social Media,Maya Chen,2025-11-30 08:08,2026-02-10 10:42,"$36,500.00"
90121,Christopher,Harris,christopher.harris@greenwilliamsandbrow.com,+1 (410) 257-2367,Co-Founder,Green Williams and Brown,greenwilliamsandbrow.com,Logistics and Supply Chain,201-500,United States,Open,Customer,Direct Traffic,Daniel Ortiz,2026-08-29 00:42,,"$54,400.00"
90122,Edward,Hill,EDWARD.HILL@BISHOPGOODWIN.IO,+1 (632) 397-9137,Team Lead,Bishop-Goodwin,bishopgoodwin.io,Financial Services,201-500,United Kingdom,Open Deal,Lead,Direct Traffic,Maya Chen,2026-04-13 08:57,,"$19,600.00"
90123,Seth,Mayo,seth.mayo@vargaspayne.com,+1 (092) 173-7378,Head of Growth,Vargas-Payne,vargaspayne.com,Mechanical or Industrial Engineering,51-200,United States,Attempted to Contact,Customer,Referrals,Maya Chen,2026-01-13 09:05,2026-03-10 21:39,
90124,George,Wagner,george.wagner@lambertjacobs.com,+1 (306) 638-1017,"Vice President, Operations",Lambert-Jacobs,www.lambertjacobs.com,Retail,51-200,United Kingdom,Open Deal,Sales Qualified Lead,Social Media,Maya Chen,2025-11-17 22:52,2026-08-04 12:00,"$6,800.00"
90125,Amanda,Williams,amanda.williams@stephensmayo.com,+1 (171) 218-7664,Head of Growth,Stephens-Mayo,www.stephensmayo.com,Mechanical or Industrial Engineering,201-500,United Kingdom,Unqualified,Marketing Qualified Lead,Email Marketing,Priya Nair,2026-07-24 11:47,2026-09-07 00:23,
90126,Steven,Hoffman,steven.hoffman@marshlowe.com,+1 (460) 465-9124,Analyst,Marsh-Lowe,https://marshlowe.com,Hospital & Health Care,201-500,India,Open,Sales Qualified Lead,Social Media,Maya Chen,2026-04-13 23:06,2026-07-08 06:51,"$85,700.00"
90127,William,Juarez,william.juarez@bennettgarciaandking.com,+1 (588) 868-9171,VP of Sales,Bennett Garcia and King,www.bennettgarciaandking.com,Hospital & Health Care,51-200,United Kingdom,In Progress,Opportunity,Offline Sources,Priya Nair,2025-10-26 02:06,2026-05-29 04:25,"$35,100.00"
90128,Anna,Raymond,anna.raymond@alvarezinc.com,+1 (070) 616-2213,VP of Sales,Alvarez Inc,https://alvarezinc.com,Hospital & Health Care,51-200,India,Connected,Marketing Qualified Lead,Referrals,Daniel Ortiz,2025-10-28 03:50,2026-03-24 22:34,"$25,400.00"
90129,Sabrina,Zuniga,SABRINA.ZUNIGA@HARDYPLC.COM,+1 (534) 864-0104,Team Lead,Hardy PLC,hardyplc.com,Education Management,51-200,United States,New,Opportunity,Social Media,Tom Becker,2025-10-29 23:18,,"$54,300.00"
90130,Jeffrey,Miller,jeffrey.miller@cruzwong.com,+1 (571) 048-0286,Team Lead,Cruz-Wong,www.cruzwong.com,Mechanical or Industrial Engineering,3814,United States,In Progress,Opportunity,Offline Sources,Maya Chen,2025-10-19 04:31,2026-04-18 03:45,
90131,Stephanie,Hubbard,stephanie.hubbard@davisbowers.com,+1 (338) 951-2392,Co-Founder,Davis-Bowers,davisbowers.com,Online Media,51-200,Canada,Unqualified,Customer,Offline Sources,Priya Nair,2025-10-18 02:00,2026-05-28 05:04,"$3,200.00"
90132,Patricia,Knight,patricia.knight@ochoaeaton.com,+1 (769) 550-9310,Head of Growth,Ochoa-Eaton,ochoaeaton.com,Mechanical or Industrial Engineering,51-200,Canada,Connected,Marketing Qualified Lead,Offline Sources,Tom Becker,2025-12-14 02:36,2026-01-30 07:10,"$14,900.00"
90133,Kelly,Randall,kelly.randall@shawhouseandlucas.com,+1 (742) 344-2174,Software Engineer,Shaw House and Lucas,www.shawhouseandlucas.com,Online Media,201-500,Canada,In Progress,Marketing Qualified Lead,Email Marketing,Maya Chen,2025-12-13 03:29,2026-07-18 11:32,
90134,Maria,Barker,maria.barker@bradfordwangandlambe.com,+1 (105) 136-3655,,Bradford Wang and Lambert,https://bradfordwangandlambe.com,Education Management,4174,United Kingdom,Connected,Customer,Social Media,Priya Nair,2026-05-05 09:09,2026-06-03 02:43,
90135,Kristin,Miller,kristin.miller@hillinc.com,+1 (510) 216-3378,Marketing Manager,Hill Inc,https://hillinc.com,Logistics and Supply Chain,51-200,India,Open,Sales Qualified Lead,Direct Traffic,Daniel Ortiz,2025-09-07 05:35,,
90136,Lisa,Gibson,lisa.gibson@whitebenitez.com,+1 (246) 990-2367,CEO,White-Benitez,whitebenitez.com,Financial Services,201-500,Canada,Open Deal,Customer,Direct Traffic,Maya Chen,2025-11-03 06:42,2026-02-05 03:25,"$73,200.00"
90137,Faith,Pruitt,faith.pruitt@wilsonwagner.com,+1 (583) 171-0089,CEO,Wilson-Wagner,www.wilsonwagner.com,Mechanical or Industrial Engineering,51-200,India,Unqualified,Customer,Referrals,Priya Nair,2026-06-21 02:57,2026-08-24 21:24,"$69,000.00"
90138,Brandy,Stewart,brandy.stewart@taylorllc.com,+1 (014) 217-7436,Head of Growth,Taylor LLC,https://taylorllc.com,Retail,201-500,Canada,Open,Marketing Qualified Lead,Direct Traffic,Tom Becker,2026-09-07 10:31,2026-09-06 22:25,
90139,Patricia,Hooper,patricia.hooper@quinnboydandarroyo.com,,Co-Founder,Quinn Boyd and Arroyo,www.quinnboydandarroyo.com,Online Media,51-200,Canada,Bad Timing,Opportunity,Social Media,Maya Chen,2026-02-27 03:09,2026-09-12 01:37,
90140,Richard,Conway,richard.conway@foleyjacksonandjones.com,+1 (743) 696-2963,Head of Growth,Foley Jackson and Jones,foleyjacksonandjones.com,Mechanical or Industrial Engineering,51-200,Germany,New,Marketing Qualified Lead,Organic Search,Tom Becker,2026-03-18 04:37,2026-09-10 00:36,
90141,Nichole,Greene,nichole.greene@nguyengarza.com,+1 (383) 470-1746,CEO,Nguyen-Garza,https://nguyengarza.com,Financial Services,201-500,United Kingdom,Unqualified,Customer,Organic Search,Priya Nair,2026-03-27 06:38,2026-07-27 03:09,
90142,Billy,Hernandez,billy.hernandez@andersonclarkandjenk.com,+1 (782) 884-5762,Team Lead,Anderson Clark and Jenkins,www.andersonclarkandjenk.com,Logistics and Supply Chain,201-500,United States,Bad Timing,Opportunity,Offline Sources,Tom Becker,2026-08-09 07:44,2026-09-14 22:55,
90143,James,Jackson,james.jackson@kellerramos.com,+1 (356) 436-3363,Marketing Manager,Keller-Ramos,https://kellerramos.com,Retail,51-200,Canada,Unqualified,Marketing Qualified Lead,Social Media,Tom Becker,2026-03-17 08:39,2026-05-05 03:28,
90144,Amy,Mcbride,amy.mcbride@ramosinc.com,,Marketing Manager,Ramos Inc,https://ramosinc.com,Retail,201-500,United States,Bad Timing,Sales Qualified Lead,Direct Traffic,Tom Becker,2025-10-13 10:22,2026-07-21 11:02,
90145,Christopher,Pacheco,christopher.pacheco@walterslarsonandfost.com,+1 (792) 908-1003,Analyst,Walters Larson and Foster,https://walterslarsonandfost.com,Hospital & Health Care,201-500,United States,New,Lead,Direct Traffic,Daniel Ortiz,2025-09-20 01:46,2025-11-15 05:15,"$49,500.00"
90146,Rachel,Bradshaw,rachel.bradshaw@nguyenrodriguezandco.com,+1 (494) 135-0284,Analyst,Nguyen Rodriguez and Cobb,nguyenrodriguezandco.com,Hospital & Health Care,51-200,Canada,Connected,Sales Qualified Lead,Offline Sources,Maya Chen,2025-12-13 23:58,,"$8,200.00"
90147,,,,+1 (781) 975-4373,VP of Sales,Thompson-Hammond,https://thompsonhammond.com,Logistics and Supply Chain,201-500,United States,Bad Timing,Marketing Qualified Lead,Organic Search,Tom Becker,2025-10-23 10:51,2026-02-25 08:14,"$4,000.00"
90148,Angela,Powell,angela.powell@mezacampbellanddavis.com,+1 (057) 817-8607,VP of Sales,Meza Campbell and Davis,mezacampbellanddavis.com,Computer Software,51-200,Canada,Connected,Sales Qualified Lead,Offline Sources,Daniel Ortiz,2025-09-05 06:33,,
90149,Darlene,Johnson,darlene.johnson@garciaplc.com,+1 (212) 852-1951,Head of Growth,Garcia PLC,https://garciaplc.com,Retail,51-200,United States,Open,Opportunity,Organic Search,Daniel Ortiz,2026-08-30 08:11,2026-09-09 09:06,
90150,Steven,Jones,steven.jones@jonessolomonandsmith.com,+1 (948) 469-1243,Director of IT,Jones Solomon and Smith,https://jonessolomonandsmith.com,Logistics and Supply Chain,51-200,United States,Connected,Lead,Social Media,Priya Nair,2026-05-11 11:05,2026-06-20 04:48,"$88,700.00"
90151,Jacob,Forbes,jacob.forbes@maygarciaandhays.com,+1 (374) 095-4611,Analyst,May Garcia and Hays,www.maygarciaandhays.com,Education Management,3717,India,Bad Timing,Customer,Direct Traffic,Tom Becker,2026-08-03 08:53,,
90152,Nathan,Santos,nathan.santos@hensonspencer.com,+1 (930) 854-7467,Team Lead,Henson-Spencer,www.hensonspencer.com,Mechanical or Industrial Engineering,51-200,Canada,Attempted to Contact,Lead,Offline Sources,Maya Chen,2025-12-15 04:02,2026-07-10 10:58,
90153,Jeremy,Frazier,jeremy.frazier@meyerplc.com,+1 (603) 878-1985,VP of Sales,Meyer PLC,meyerplc.com,Education Management,51-200,United States,Attempted to Contact,Lead,Social Media,Daniel Ortiz,2025-08-12 01:31,2026-08-12 22:25,"$88,900.00"
90154,Diana,Tyler,diana.tyler@holmesplc.com,+1 (375) 286-1102,"Vice President, Operations",Holmes PLC,www.holmesplc.com,Hospital & Health Care,1650,United States,Attempted to Contact,Opportunity,Social Media,Daniel Ortiz,2025-11-14 22:38,2026-03-28 03:07,
90155,Hunter,Jones,hunter.jones@cookemayandhaynes.com,+1 (690) 191-3476,Team Lead,Cooke May and Haynes,www.cookemayandhaynes.com,Education Management,51-200,United Kingdom,Bad Timing,Marketing Qualified Lead,Organic Search,Maya Chen,2026-08-04 04:22,2026-09-05 02:37,
90156,Charles,Vazquez,charles.vazquez@fryoliver.com,+1 (824) 869-3415,Software Engineer,Fry-Oliver,fryoliver.com,Hospital & Health Care,532,United Kingdom,Open,Lead,Direct Traffic,Priya Nair,2026-04-23 03:45,2026-08-26 03:47,"$82,700.00"
90157,Misty,Nguyen,misty.nguyen@graystone.com,+1 (473) 236-5337,Director of IT,Gray-Stone,https://graystone.com,Hospital & Health Care,201-500,India,Attempted to Contact,Opportunity,Organic Search,Daniel Ortiz,2026-03-12 06:33,2026-07-20 22:49,TBD
90158,Anthony,Case,anthony.case@davislamandscott.com,+1 (342) 826-0979,Analyst,Davis Lam and Scott,davislamandscott.com,Education Management,201-500,Germany,New,Opportunity,Referrals,Tom Becker,2025-11-08 07:35,2026-01-26 04:35,"$40,800.00"
90159,Stephanie,Willis,stephanie.willis@torresmccormickandbu.com,+1 (173) 086-8724,Team Lead,Torres Mccormick and Butler,https://torresmccormickandbu.com,Financial Services,51-200,Germany,Unqualified,Sales Qualified Lead,Social Media,Tom Becker,2026-08-13 21:42,2026-09-12 23:42,
90160,Brian,Vasquez,brian.vasquez@martinezking.com,+1 (105) 958-5629,Team Lead,Martinez-King,martinezking.com,Logistics and Supply Chain,3539,United Kingdom,Open Deal,Opportunity,Offline Sources,Priya Nair,2026-09-07 10:38,2026-09-13 02:24,"$49,200.00"
90161,Laura,Blackburn,laura.blackburn@nguyenhaas.com,+1 (113) 361-4854,,Nguyen-Haas,www.nguyenhaas.com,Education Management,2916,India,Bad Timing,Lead,Social Media,Maya Chen,2026-08-29 21:28,,"$27,600.00"
90162,Megan,Robertson,megan.robertson@hancockwrightandarno.com,+1 (529) 435-6371,Software Engineer,Hancock Wright and Arnold,hancockwrightandarno.com,Computer Software,1989,Germany,Open,Sales Qualified Lead,Email Marketing,Tom Becker,2026-01-17 04:54,2026-06-08 07:59,"$67,700.00"
90163,Nicole,Davenport,nicole.davenport@marquezsullivanandhu.com,+1 (531) 455-9320,Marketing Manager,Marquez Sullivan and Hughes,https://marquezsullivanandhu.com,Education Management,201-500,United Kingdom,Connected,Opportunity,Referrals,Priya Nair,2025-10-26 07:15,,"$68,900.00"
90164,Jack,Hall,jack.hall@hicksstevenson.com,+1 (303) 811-8373,,Hicks-Stevenson,hicksstevenson.com,Computer Software,51-200,United States,Bad Timing,Lead,Offline Sources,Maya Chen,2026-04-04 00:39,2026-04-12 07:45,
90165,Laura,Reeves,laura.reeves@goldenperryandingram.com,+1 (248) 294-8802,Co-Founder,Golden Perry and Ingram,www.goldenperryandingram.com,Computer Software,3309,Canada,In Progress,Sales Qualified Lead,Offline Sources,Tom Becker,2026-05-10 01:31,2026-06-14 21:50,"$84,300.00"
90166,Michael,Mendoza,michael.mendoza@thorntonhoffman.com,+1 (820) 295-8049,Software Engineer,Thornton-Hoffman,https://thorntonhoffman.com,Logistics and Supply Chain,2043,India,Connected,Marketing Qualified Lead,Email Marketing,Priya Nair,2025-09-04 23:03,2026-08-25 22:04,"$71,000.00"
90167,Brittany,Rhodes,brittany.rhodes@hurstrayandwu.com,+1 (374) 924-6791,Team Lead,Hurst Ray and Wu,https://hurstrayandwu.com,Mechanical or Industrial Engineering,51-200,Germany,New,Customer,Email Marketing,Daniel Ortiz,2026-03-15 21:17,2026-09-01 21:31,
90168,Crystal,Pena,crystal.pena@mullencohen.com,+1 (374) 207-8023,Software Engineer,Mullen-Cohen,www.mullencohen.com,Logistics and Supply Chain,201-500,United States,Attempted to Contact,Marketing Qualified Lead,Email Marketing,Priya Nair,2025-11-28 02:14,2025-12-02 01:06,"$44,000.00"
90169,Jason,Alexander,jason.alexander@olsonbrowning.com,+1 (284) 082-5951,Analyst,Olson-Browning,olsonbrowning.com,Online Media,201-500,United Kingdom,Attempted to Contact,Sales Qualified Lead,Referrals,Maya Chen,2026-07-12 22:51,2026-08-24 00:02,"$22,900.00"
90170,Jodi,Sullivan,jodi.sullivan@jacobsinc.com,+1 (805) 169-9389,VP of Sales,Jacobs Inc,jacobsinc.com,Education Management,3632,Canada,Unqualified,Opportunity,Email Marketing,Priya Nair,2026-01-20 01:06,,"$44,900.00"
90171,Toni,Ballard,toni.ballard@ramirezwilson.com,+1 (262) 585-6263,VP of Sales,Ramirez-Wilson,ramirezwilson.com,Mechanical or Industrial Engineering,201-500,United Kingdom,Connected,Sales Qualified Lead,Referrals,Daniel Ortiz,2026-03-08 01:12,2026-05-02 22:06,"$26,500.00"
90172,Michael,Robinson,michael.robinson@wagnerknightandbaile.com,+1 (318) 191-4019,Team Lead,Wagner Knight and Bailey,https://wagnerknightandbaile.com,Education Management,51-200,United Kingdom,New,Marketing Qualified Lead,Offline Sources,Tom Becker,2025-09-01 23:24,2026-07-23 08:28,"$21,600.00"
90173,Elizabeth,Gibbs,elizabeth.gibbs@larawarren.com,+1 (198) 342-3421,Head of Growth,Lara-Warren,www.larawarren.com,Mechanical or Industrial Engineering,2297,United States,Unqualified,Marketing Qualified Lead,Social Media,Daniel Ortiz,2026-07-26 06:01,2026-09-08 05:19,
90174,Deborah,Curry,deborah.curry@brownparrishandmack.com,+1 (094) 773-6500,"Vice President, Operations",Brown Parrish and Mack,www.brownparrishandmack.com,Financial Services,3584,United States,In Progress,Lead,Direct Traffic,Tom Becker,2025-11-06 05:01,2026-08-27 01:54,"$60,100.00"
90175,Nicole,Wiley,nicole.wiley@martinezgroup.com,+1 (386) 071-8384,CEO,Martinez Group,https://martinezgroup.com,Education Management,201-500,India,In Progress,Opportunity,Social Media,Daniel Ortiz,2025-11-02 05:30,,"$7,000.00"
90176,Nicole,Porter,nicole.porter@hallplc.com,+1 (128) 657-4204,,Hall PLC,https://hallplc.com,Computer Software,51-200,United States,Unqualified,Customer,Social Media,Priya Nair,2025-08-24 02:46,2026-03-01 11:55,"$70,000.00"
90177,Margaret,Walters,margaret.walters@garnerschmidtandwhee.com,+1 (219) 637-8434,Director of IT,Garner Schmidt and Wheeler,https://garnerschmidtandwhee.com,Retail,201-500,United States,Unqualified,Lead,Direct Traffic,Tom Becker,2025-12-30 21:31,2026-09-05 09:27,
90178,Jake,Mcdonald,jake.mcdonald@harveyreese.com,+1 (505) 124-2900,Team Lead,Harvey-Reese,https://harveyreese.com,Online Media,201-500,United Kingdom,New,Customer,Direct Traffic,Daniel Ortiz,2025-12-28 08:38,,"$67,800.00"
90179,Linda,Gordon,linda.gordon@bakerlindseyandjones.com,+1 (298) 939-2046,Director of IT,Baker Lindsey and Jones,www.bakerlindseyandjones.com,Mechanical or Industrial Engineering,201-500,United States,Connected,Sales Qualified Lead,Offline Sources,Daniel Ortiz,2026-06-21 03:14,2026-07-14 22:16,
90180,Angela,Harris,angela.harris@kramerbryan.com,+1 (924) 848-3598,Co-Founder,Kramer-Bryan,www.kramerbryan.com,Financial Services,4353,United States,Attempted to Contact,Customer,Referrals,Tom Becker,2026-06-09 22:18,2026-08-11 09:45,"$18,800.00"
90181,Robert,Fields,ROBERT.FIELDS5@GMAIL.COM,+1 (448) 818-9848,Team Lead,Thornton PLC,thorntonplc.co,Retail,3589,Germany,Connected,Customer,Referrals,Tom Becker,2026-08-18 01:26,2026-09-08 03:41,
90182,Gerald,Rogers,gerald.rogers@ruizplc.com,+1 (877) 913-7884,Head of Growth,Ruiz PLC,ruizplc.com,Education Management,51-200,United States,Open Deal,Marketing Qualified Lead,Organic Search,Daniel Ortiz,2025-11-01 07:55,2026-07-08 08:02,"$11,000.00"
90183,Kyle,Moody,kyle.moody@davidsongroup.com,+1 (730) 432-0171,VP of Sales,Davidson Group,www.davidsongroup.com,Hospital & Health Care,201-500,India,Bad Timing,Opportunity,Email Marketing,Maya Chen,2026-08-08 23:04,2026-09-13 09:03,"$55,900.00"
90184,Andrea,Barnett,andrea.barnett@hughesandsons.com,+1 (672) 789-9067,Team Lead,Hughes and Sons,www.hughesandsons.com,Computer Software,51-200,United States,Open,Sales Qualified Lead,Social Media,Priya Nair,2026-08-01 07:11,2026-08-19 02:23,
90185,Andrea,Allen,andrea.allen@millerperez.com,+1 (459) 302-6905,CEO,Miller-Perez,millerperez.com,Logistics and Supply Chain,201-500,India,Open,Opportunity,Referrals,Maya Chen,2026-06-30 21:48,,"$51,400.00"
90186,Gabriel,Stanton,gabriel.stanton@greenmontgomery.com,+1 (574) 952-5299,Marketing Manager,Green-Montgomery,https://greenmontgomery.com,Computer Software,201-500,United States,Open,Opportunity,Offline Sources,Daniel Ortiz,2026-02-23 00:30,2026-03-07 10:07,"$47,700.00"
90187,Melanie,Burgess,melanie.burgess@knightstokes.com,+1 (413) 851-5341,CEO,Knight-Stokes,https://knightstokes.com,Hospital & Health Care,51-200,Canada,Open Deal,Marketing Qualified Lead,Referrals,Maya Chen,2026-03-30 09:21,2026-07-10 06:18,"$37,800.00"
90188,John,Wilson,john.wilson@muellerweber.com,+1 (544) 999-3433,Head of Growth,Mueller-Weber,https://muellerweber.com,Hospital & Health Care,51-200,India,Open,Customer,Organic Search,Tom Becker,2025-12-16 23:05,2026-01-23 05:17,
90189,Linda,Bass,linda.bass@rosariobowman.com,+1 (850) 166-2326,Co-Founder,Rosario-Bowman,www.rosariobowman.com,Online Media,51-200,Germany,In Progress,Marketing Qualified Lead,Direct Traffic,Tom Becker,2026-01-16 03:46,2026-08-23 10:18,"$44,200.00"
90190,Jeffrey,Myers,jeffrey.myers@bakerplc.com,+1 (585) 857-3623,Co-Founder,Baker PLC,https://bakerplc.com,Computer Software,51-200,India,Bad Timing,Customer,Organic Search,Priya Nair,2025-12-31 05:59,2026-04-19 22:15,"$7,300.00"
90191,Michael,Osborn,michael.osborn@marshalllee.com,+1 (707) 968-0420,Software Engineer,Marshall-Lee,https://marshalllee.com,Mechanical or Industrial Engineering,201-500,Germany,Open,Opportunity,Email Marketing,Daniel Ortiz,2026-08-21 02:06,2026-09-06 03:06,
90192,Sarah,Madden,sarah.madden@kochharris.com,+1 (035) 570-2838,CEO,Koch-Harris,kochharris.com,Logistics and Supply Chain,51-200,Germany,In Progress,Customer,Offline Sources,Priya Nair,2026-01-03 06:39,,
90193,Amy,Gross,amy.gross@christensenparkandla.com,+1 (440) 658-3775,Co-Founder,Christensen Park and Lawrence,https://christensenparkandla.com,Hospital & Health Care,2013,India,Bad Timing,Opportunity,Organic Search,Tom Becker,2026-05-08 10:46,2026-07-16 00:23,
90194,Nicholas,Rodriguez,nicholas.rodriguez@landryhart.com,,Team Lead,Landry-Hart,www.landryhart.com,Online Media,51-200,Canada,Open Deal,Lead,Referrals,Maya Chen,2026-09-10 04:15,2026-09-10 06:54,
90195,Richard,Jimenez,richard.jimenez@harrisongroup.com,+1 (996) 477-6619,Analyst,Harrison Group,harrisongroup.com,Hospital & Health Care,201-500,Canada,New,Lead,Direct Traffic,Tom Becker,2026-03-08 03:02,2026-03-19 11:17,"$42,200.00"
90196,Audrey,Kirby,audrey.kirby@wisehernandez.com,+1 (651) 734-5690,VP of Sales,Wise-Hernandez,https://wisehernandez.com,Online Media,51-200,United Kingdom,In Progress,Lead,Offline Sources,Priya Nair,2025-12-29 00:18,2026-05-21 08:04,
90197,Rachael,Howell,rachael.howell@cruznobleandporter.com,+1 (218) 557-0848,Marketing Manager,Cruz Noble and Porter,cruznobleandporter.com,Logistics and Supply Chain,51-200,Germany,Unqualified,Opportunity,Organic Search,Daniel Ortiz,2026-05-23 00:21,2026-06-27 11:12,"$33,600.00"
90198,Melissa,Garcia,melissa.garcia@moorewallerandwarren.com,+1 (699) 160-3216,"Vice President, Operations",Moore Waller and Warren,www.moorewallerandwarren.com,Education Management,1140,United States,Connected,Lead,Direct Traffic,Daniel Ortiz,2026-02-05 09:42,2026-08-10 10:51,
90199,Jessica,Reeves,JESSICA.REEVES15@GMAIL.COM,+1 (198) 819-2778,Software Engineer,Harrison Franco and Rocha,harrisonfrancoandrocha.com,Education Management,51-200,Germany,Open,Lead,Organic Search,Priya Nair,2026-02-01 01:55,2026-03-15 02:38,
90200,Ashley,Barr,ashley.barr@bradshawthompsonandh.com,+1 (366) 036-5328,Director of IT,Bradshaw Thompson and Heath,bradshawthompsonandh.com,Online Media,3348,India,Unqualified,Marketing Qualified Lead,Email Marketing,Priya Nair,2026-06-14 22:21,2026-08-07 04:31,
90201,Wendy,Duncan,wendy.duncan@stewartjacksonandham.com,+1 (201) 144-0602,Team Lead,Stewart Jackson and Hammond,https://stewartjacksonandham.com,Computer Software,201-500,Germany,Open,Customer,Offline Sources,Priya Nair,2026-05-19 23:16,2026-08-08 08:39,"$50,900.00"
90202,Alison,Fernandez,alison.fernandez@ramoslaraandgreen.com,,Marketing Manager,Ramos Lara and Green,https://ramoslaraandgreen.com,Hospital & Health Care,2205,United States,In Progress,Lead,Social Media,Daniel Ortiz,2026-05-06 06:41,2026-07-01 07:33,"$79,200.00"
90203,Michael,Rowland,michael.rowland@jacobsllc.com,,Team Lead,Jacobs LLC,www.jacobsllc.com,Retail,607,India,Bad Timing,Opportunity,Direct Traffic,Maya Chen,2026-01-20 22:21,,"$7,700.00"
90204,Karen,Rodriguez,karen.rodriguez@jordanestes.com,+1 (376) 241-6525,Director of IT,Jordan-Estes,www.jordanestes.com,Education Management,3300,United Kingdom,Open,Lead,Social Media,Daniel Ortiz,2026-03-17 21:49,,"$5,300.00"
90205,Logan,Weiss,logan.weiss@maybrown.com,+1 (706) 918-2509,VP of Sales,May-Brown,maybrown.com,Logistics and Supply Chain,51-200,United States,Open,Sales Qualified Lead,Organic Search,Daniel Ortiz,2025-11-23 02:03,2026-07-31 06:33,
90206,William,Galloway,william.galloway@barnesgroup.com,+1 (166) 304-9403,Analyst,Barnes Group,https://barnesgroup.com,Financial Services,349,United States,Bad Timing,Sales Qualified Lead,Organic Search,Priya Nair,2025-11-10 21:50,2026-09-05 08:25,"$9,500.00"
90207,Bobby,Edwards,bobby.edwards@rodgersnormanandhubb.com,+1 (718) 264-3279,Software Engineer,Rodgers Norman and Hubbard,https://rodgersnormanandhubb.com,Mechanical or Industrial Engineering,335,India,Unqualified,Opportunity,Organic Search,Priya Nair,2026-08-09 07:41,2026-09-08 23:59,"$77,700.00"
90208,Kimberly,Rodriguez,kimberly.rodriguez@daughertyllc.com,+1 (763) 092-7744,Team Lead,Daugherty LLC,daughertyllc.com,Retail,51-200,United Kingdom,New,Customer,Email Marketing,Tom Becker,2026-08-13 02:51,,"$47,900.00"
90209, Angela ,Harris,ANGELA.HARRIS@KRAMERBRYAN.COM,+1 (924) 848-3598,Co-Founder,Kramer-Bryan,www.kramerbryan.com,Financial Services,4353,United States,Attempted to Contact,Customer,Referrals,Tom Becker,2026-09-12 07:18,2026-08-11 09:45,"$18,800.00"
90210,Brandy,Blankenship,brandy.blankenship@edwardsandsons.com,+1 (253) 939-7983,Director of IT,Edwards and Sons,https://edwardsandsons.com,Logistics and Supply Chain,4496,United Kingdom,In Progress,Customer,Offline Sources,Daniel Ortiz,2025-12-24 03:12,2026-04-17 21:56,
90211, Ryan ,Jennings,RYAN.JENNINGS@PETERSDAVIDSONANDMAY.COM,+1 (498) 608-1320,CEO,Peters Davidson and Mays,petersdavidsonandmay.com,Computer Software,201-500,United Kingdom,Attempted to Contact,Opportunity,Email Marketing,Maya Chen,2026-09-12 09:54,2026-08-13 08:37,"$25,800.00"
90212,Natalie,Austin,NATALIE.AUSTIN17@GMAIL.COM,+1 (615) 402-1190,Head of Growth,Cohen Compton and Perez,cohencomptonandperez.co,Logistics and Supply Chain,201-500,Germany,Bad Timing,Sales Qualified Lead,Email Marketing,Priya Nair,2025-10-20 05:29,2026-06-17 07:58,
90213,Mary,Wilson,mary.wilson@robersoncole.com,+1 (654) 804-6937,,Roberson-Cole,robersoncole.com,Financial Services,51-200,United Kingdom,New,Customer,Referrals,Maya Chen,2026-01-27 03:14,2026-03-14 11:12,"$23,500.00"
90214,Anthony,Lowery,anthony.lowery@campbellwagnerandhow.com,+1 (839) 952-5762,Head of Growth,Campbell Wagner and Howard,www.campbellwagnerandhow.com,Retail,102,Germany,Open,Lead,Offline Sources,Maya Chen,2026-01-08 07:53,,"$63,300.00"
90215,Lawrence,Harmon,lawrence.harmon@ryanmontgomery.com,+1 (329) 920-6628,Analyst,Ryan-Montgomery,ryanmontgomery.com,Logistics and Supply Chain,3097,United Kingdom,In Progress,Marketing Qualified Lead,Offline Sources,Maya Chen,2026-02-13 21:40,2026-07-04 22:05,
90216,Cynthia,Lee,cynthia.lee@santosllc.com,+1 (546) 257-6123,Marketing Manager,Santos LLC,santosllc.com,Online Media,51-200,United States,Open,Sales Qualified Lead,Referrals,Priya Nair,2025-10-04 01:35,2026-06-02 21:46,"$6,100.00"
90217,Brittany,Nelson,brittany.nelson@craiginc.com,+1 (423) 641-6570,Marketing Manager,Craig Inc,https://craiginc.com,Hospital & Health Care,51-200,India,New,Customer,Email Marketing,Maya Chen,2025-11-30 01:47,2026-07-28 06:08,"$40,400.00"
90218,Deanna,Joyce,deanna.joyce@santanaharmon.com,+1 (519) 009-4646,,Santana-Harmon,https://santanaharmon.com,Computer Software,201-500,Germany,Unqualified,Lead,Referrals,Maya Chen,2026-04-14 11:53,2026-04-24 02:49,"$32,500.00"
90219,Matthew,Stevens,matthew.stevens@morgandonaldson.com,+1 (277) 819-0650,Team Lead,Morgan-Donaldson,www.morgandonaldson.com,Financial Services,839,India,Open,Marketing Qualified Lead,Offline Sources,Daniel Ortiz,2026-03-26 08:56,2026-07-07 02:24,"$5,700.00"
90220,Nicole,Collins,nicole.collins@huntshelton.com,+1 (029) 670-5468,Marketing Manager,Hunt-Shelton,huntshelton.com,Hospital & Health Care,201-500,United Kingdom,Unqualified,Sales Qualified Lead,Email Marketing,Tom Becker,2025-09-21 07:15,,"$53,800.00"
90221,John,Davis,john.davis@harperaustinandcarri.com,+1 (966) 356-5145,"Vice President, Operations",Harper Austin and Carrillo,www.harperaustinandcarri.com,Education Management,1655,Germany,Bad Timing,Opportunity,Social Media,Daniel Ortiz,2025-10-06 07:04,2026-06-11 21:46,"$80,700.00"
90222,Scott,Kline,scott.kline@thompsontodd.com,+1 (488) 747-6581,"Vice President, Operations",Thompson-Todd,thompsontodd.com,Hospital & Health Care,51-200,India,Unqualified,Sales Qualified Lead,Referrals,Maya Chen,2025-09-13 21:07,2026-06-07 02:20,"$49,400.00"
90223,Ashley,White,ashley.white@underwoodandsons.com,+1 (215) 498-1771,VP of Sales,Underwood and Sons,https://underwoodandsons.com,Online Media,201-500,Germany,In Progress,Sales Qualified Lead,Email Marketing,Daniel Ortiz,2025-08-16 07:31,,"$36,000.00"
90224,Ethan,Marsh,ethan.marsh@middletonrodriguez.com,,Marketing Manager,Middleton-Rodriguez,https://middletonrodriguez.com,Online Media,3791,United States,Bad Timing,Opportunity,Offline Sources,Maya Chen,2025-10-05 09:20,2026-02-05 05:44,"$42,700.00"
90225,Shannon,Kim,shannon.kim@bowmanandsons.com,+1 (128) 662-6981,Analyst,Bowman and Sons,www.bowmanandsons.com,Hospital & Health Care,201-500,United Kingdom,Connected,Marketing Qualified Lead,Direct Traffic,Priya Nair,2025-12-04 08:24,,"$78,100.00"
90226,Dwayne,Lane,dwayne.lane@johnsonbrooksandsand.com,+1 (249) 332-0110,Director of IT,Johnson Brooks and Sandoval,www.johnsonbrooksandsand.com,Computer Software,51-200,United Kingdom,Open,Marketing Qualified Lead,Referrals,Tom Becker,2026-03-14 01:09,2026-07-08 22:22,"$16,500.00"
90227,David,Dixon,david.dixon@robbinsmiles.com,+1 (606) 689-2838,Analyst,Robbins-Miles,robbinsmiles.com,Retail,201-500,United Kingdom,Connected,Marketing Qualified Lead,Offline Sources,Tom Becker,2026-08-05 02:17,2026-08-27 04:00,"$9,800.00"
90228,Julie,Vazquez,julie.vazquez@lopezdavidsonandwils.com,+1 (320) 330-1623,Marketing Manager,Lopez Davidson and Wilson,https://lopezdavidsonandwils.com,Retail,160,United States,Open,Customer,Direct Traffic,Daniel Ortiz,31/31/2026,2026-01-30 23:46,"$31,000.00"
90229,Brooke,Baker,brooke.baker@harmonandsons.com,+1 (028) 432-5122,Head of Growth,Harmon and Sons,www.harmonandsons.com,Mechanical or Industrial Engineering,201-500,Canada,Bad Timing,Lead,Referrals,Tom Becker,2026-03-29 01:53,2026-07-20 00:29,
90230,Richard,Jimenez,richard.jimenez@carrollbrownandflore.com,+1 (702) 048-7014,Director of IT,Carroll Brown and Flores,www.carrollbrownandflore.com,Logistics and Supply Chain,201-500,Canada,In Progress,Opportunity,Social Media,Maya Chen,2025-10-31 07:55,,"$29,600.00"
90231,Jacqueline,Ferguson,jacqueline.ferguson@bentonwallaceandcarr.com,,Marketing Manager,Benton Wallace and Carroll,www.bentonwallaceandcarr.com,Education Management,51-200,United Kingdom,Open Deal,Customer,Social Media,Maya Chen,2026-09-01 04:06,,"$64,300.00"
90232,Amber,Jones,amber.jones@durhamandsons.com,+1 (835) 775-3557,Director of IT,Durham and Sons,www.durhamandsons.com,Computer Software,51-200,Canada,Open,Sales Qualified Lead,Offline Sources,Daniel Ortiz,2025-10-19 22:46,2026-06-22 06:32,
90233,Mary,Hart,mary.hart@davisgroup.com,,Team Lead,Davis Group,davisgroup.com,Logistics and Supply Chain,51-200,Germany,Open,Customer,Referrals,Tom Becker,2026-07-26 00:37,2026-08-18 08:27,
90234,Daniel,Woods,daniel.woods@,+1 (142) 983-1522,Head of Growth,Pacheco-Sullivan,pachecosullivan.com,Computer Software,51-200,Germany,Bad Timing,Customer,Offline Sources,Daniel Ortiz,2026-06-12 01:56,2026-09-01 21:37,"$5,400.00"
90235,Corey,Sparks,corey.sparks@khanplc.com,+1 (704) 340-5217,Director of IT,Khan PLC,www.khanplc.com,Logistics and Supply Chain,201-500,United States,Attempted to Contact,Customer,Social Media,Daniel Ortiz,2026-01-04 07:25,,"$7,800.00"
90236,Timothy,Valdez,timothy.valdez@mendezramirezandlowe.com,+1 (301) 467-3002,CEO,Mendez Ramirez and Lowery,www.mendezramirezandlowe.com,Education Management,2559,United States,Open,Opportunity,Organic Search,Priya Nair,2025-10-09 06:34,2025-12-22 02:02,"$9,400.00"
90237,Angela,Mosley,angela.mosley@reynoldshernandez.com,+1 (049) 924-6453,Director of IT,Reynolds-Hernandez,https://reynoldshernandez.com,Mechanical or Industrial Engineering,51-200,Germany,In Progress,Lead,Referrals,Priya Nair,2026-07-29 21:48,,
90238,Elizabeth,Mitchell,elizabeth.mitchell@andersonwashingtonan.com,+1 (448) 262-8291,CEO,Anderson Washington and Nelson,https://andersonwashingtonan.com,Financial Services,51-200,Germany,Bad Timing,Marketing Qualified Lead,Social Media,Tom Becker,2026-02-01 02:14,2026-05-17 08:42,
90239,John,Ramirez,john.ramirez@johnsontylerandherna.com,,,Johnson Tyler and Hernandez,www.johnsontylerandherna.com,Education Management,51-200,United Kingdom,In Progress,Opportunity,Social Media,Priya Nair,2025-11-15 05:49,2026-04-02 07:41,"$74,400.00"
90240,Melissa,Mcgee,melissa.mcgee@danielsaguilaranddav.com,+1 (095) 798-6116,Director of IT,Daniels Aguilar and Davis,danielsaguilaranddav.com,Mechanical or Industrial Engineering,51-200,United States,Connected,Lead,Direct Traffic,Tom Becker,2025-10-29 22:15,,"$75,000.00"
90241,Michael,Herrera,michael.herrera@mccannparsonsanddavi.com,+1 (891) 193-2188,Software Engineer,Mccann Parsons and Davis,mccannparsonsanddavi.com,Mechanical or Industrial Engineering,1789,Germany,In Progress,Sales Qualified Lead,Offline Sources,Priya Nair,2026-05-29 10:49,2026-06-06 07:47,
90242,Christopher,Kennedy,christopher.kennedy@pittsgroup.com,+1 (079) 096-6909,Director of IT,Pitts Group,pittsgroup.com,Online Media,201-500,India,Bad Timing,Sales Qualified Lead,Offline Sources,Tom Becker,2026-08-21 06:32,2026-09-06 21:59,"$5,200.00"
90243,Tracy,Nixon,tracy.nixon@jonesplc.com,+1 (773) 170-8125,"Vice President, Operations",Jones PLC,jonesplc.com,Financial Services,201-500,United States,New,Sales Qualified Lead,Email Marketing,Daniel Ortiz,2026-08-08 02:36,2026-08-20 02:57,"$52,100.00"
90244,Gilbert,Doyle,gilbert.doyle@woodwardinc.com,+1 (367) 917-0250,Software Engineer,Woodward Inc,www.woodwardinc.com,Logistics and Supply Chain,51-200,India,Connected,Lead,Email Marketing,Maya Chen,2026-06-03 11:47,,
90245,Jennifer,Rivera,jennifer.rivera@davistaylor.com,+1 (122) 236-0791,"Vice President, Operations",Davis-Taylor,davistaylor.com,Logistics and Supply Chain,488,United Kingdom,Connected,Opportunity,Organic Search,Daniel Ortiz,2026-04-06 01:10,2026-08-09 22:45,
90246,Nathan,White,nathan.white@smithplc.com,+1 (061) 583-0251,Head of Growth,Smith PLC,www.smithplc.com,Retail,201-500,United States,Connected,Marketing Qualified Lead,Social Media,Maya Chen,2026-09-07 03:12,2026-09-10 07:48,
90247,Robert,Rose,robert.rose@edwardsmorenoandwebb.com,+1 (484) 400-3902,Team Lead,Edwards Moreno and Webb,https://edwardsmorenoandwebb.com,Logistics and Supply Chain,201-500,United Kingdom,Bad Timing,Sales Qualified Lead,Direct Traffic,Tom Becker,2026-05-20 23:33,2026-06-15 06:26,
90248,Paul,Wells,paul.wells@huertainc.com,+1 (350) 696-4842,Co-Founder,Huerta Inc,https://huertainc.com,Computer Software,51-200,United States,Bad Timing,Lead,Email Marketing,Tom Becker,2026-07-12 21:25,2026-07-24 21:32,
90249,Andrew,Terry,andrew.terry@spencerinc.com,+1 (250) 743-8053,VP of Sales,Spencer Inc,www.spencerinc.com,Financial Services,3601,Germany,In Progress,Customer,Email Marketing,Priya Nair,2025-09-23 01:17,2026-01-31 10:26,
90250,Robert,Bryant,robert.bryant@martinezdavisandpalm.com,+1 (637) 914-1417,Co-Founder,Martinez Davis and Palmer,martinezdavisandpalm.com,Education Management,51-200,United States,New,Lead,Direct Traffic,Maya Chen,2025-10-09 04:57,2026-04-14 11:58,"$72,100.00"
90251,Joshua,Rodriguez,joshua.rodriguez@pearsonltd.com,+1 (106) 153-7221,Director of IT,Pearson Ltd,pearsonltd.com,Mechanical or Industrial Engineering,51-200,United States,Unqualified,Sales Qualified Lead,Offline Sources,Tom Becker,31/31/2026,2026-09-08 22:05,"$87,700.00"
90252,Charles,Davis,charles.davis@holdergroup.com,+1 (569) 777-8188,Director of IT,Holder Group,https://holdergroup.com,Computer Software,51-200,Germany,Open Deal,Lead,Referrals,Daniel Ortiz,2026-04-20 22:43,2026-09-05 00:26,"$6,800.00"
90253,Brady,Hawkins,brady.hawkins@woodllc.com,+1 (116) 263-5364,Head of Growth,Wood LLC,woodllc.com,Mechanical or Industrial Engineering,2574,Germany,Attempted to Contact,Customer,Email Marketing,Priya Nair,2026-03-25 08:12,,"$63,600.00"
90254,Tracy,Walker,tracy.walker@morrisongreenandharr.com,+1 (097) 252-9097,Head of Growth,Morrison Green and Harris,www.morrisongreenandharr.com,Education Management,856,United Kingdom,Open Deal,Opportunity,Offline Sources,Daniel Ortiz,2025-12-04 08:44,,
90255,John,Holland,john.holland@millerinc.com,+1 (259) 091-3423,CEO,Miller Inc,millerinc.com,Financial Services,201-500,United States,Open Deal,Lead,Direct Traffic,Maya Chen,2026-01-06 22:35,2026-06-18 00:48,"$28,900.00"
90256,David,Norman,david.norman@hamiltonplc.com,+1 (435) 963-4704,Team Lead,Hamilton PLC,https://hamiltonplc.com,Retail,201-500,United States,Bad Timing,Opportunity,Offline Sources,Maya Chen,2026-03-07 02:33,2026-09-14 01:00,"$37,900.00"
90257,Mary,Myers,mary.myers@levinejosephandmorga.com,,Team Lead,Levine Joseph and Morgan,www.levinejosephandmorga.com,Logistics and Supply Chain,51-200,United States,Open,Opportunity,Direct Traffic,Tom Becker,2026-03-24 01:28,2026-07-24 21:52,"$8,100.00"
90258,Ashley,Harris,ashley.harris@wilsonsmithandbennet.com,,Analyst,Wilson Smith and Bennett,https://wilsonsmithandbennet.com,Mechanical or Industrial Engineering,1205,United States,Open,Marketing Qualified Lead,Direct Traffic,Daniel Ortiz,2026-06-06 07:11,2026-07-16 10:12,
90259,Andrew,Ray,andrew.ray@morrisltd.com,+1 (584) 575-4415,Team Lead,Morris Ltd,www.morrisltd.com,Education Management,51-200,Germany,Open,Lead,Referrals,Maya Chen,2026-04-27 09:13,2026-07-11 08:15,"$58,000.00"
90260,Lisa,Fritz,lisa.fritz@mendezsmithandgriffi.com,+1 (391) 345-2881,Director of IT,Mendez Smith and Griffith,www.mendezsmithandgriffi.com,Financial Services,201-500,United Kingdom,Open Deal,Lead,Social Media,Maya Chen,2026-03-26 11:09,,"$31,900.00"
90261,Alex,Frey,alex.frey@clarkjensenandrobert.com,+1 (684) 568-1433,VP of Sales,Clark Jensen and Roberts,clarkjensenandrobert.com,Online Media,4648,United States,Open,Customer,Direct Traffic,Maya Chen,2026-08-06 02:50,2026-08-22 21:13,"$48,400.00"
90262,Kelly,Neal,kelly.neal@bishopsmithandbrooks.com,+1 (946) 645-1918,Head of Growth,Bishop Smith and Brooks,bishopsmithandbrooks.com,Logistics and Supply Chain,201-500,United States,Unqualified,Lead,Email Marketing,Tom Becker,2026-08-25 22:26,2026-08-29 10:29,"$72,200.00"
90263,David,Lopez,david.lopez@garciaparkerandboone.com,+1 (059) 287-5727,Director of IT,Garcia Parker and Boone,garciaparkerandboone.com,Education Management,51-200,United Kingdom,Unqualified,Lead,Referrals,Maya Chen,2025-12-10 05:57,,"$90,000.00"
90264,Vicki,Sparks,vicki.sparks@jonesfranklin.com,+1 (646) 767-5110,Analyst,Jones-Franklin,www.jonesfranklin.com,Computer Software,3875,United States,Connected,Customer,Social Media,Priya Nair,2026-06-05 07:22,2026-09-03 10:27,"$24,600.00"
90265,Christine,Jenkins,christine.jenkins@brownjones.com,+1 (776) 602-8447,VP of Sales,Brown-Jones,brownjones.com,Financial Services,51-200,United Kingdom,Open,Marketing Qualified Lead,Organic Search,Priya Nair,2025-08-21 07:44,2026-01-07 10:07,"$37,700.00"
90266,Cheryl,Jordan,cheryl.jordan@stevenscookandmcinty.com,+1 (392) 788-4253,CEO,Stevens Cook and Mcintyre,stevenscookandmcinty.com,Retail,4952,United States,Attempted to Contact,Sales Qualified Lead,Direct Traffic,Maya Chen,2025-10-12 01:08,2026-03-27 02:09,"$21,200.00"
90267,Brandon,Garcia,brandon.garcia@blankenshipthomasand.com,+1 (391) 096-7130,CEO,Blankenship Thomas and Choi,blankenshipthomasand.com,Computer Software,4462,India,Attempted to Contact,Lead,Offline Sources,Tom Becker,2026-06-12 10:55,,"$33,200.00"
90268,Sabrina,Clark,sabrina.clark@rosariobarnesandmoor.com,+1 (792) 506-0832,"Vice President, Operations",Rosario Barnes and Moore,https://rosariobarnesandmoor.com,Financial Services,201-500,United Kingdom,Unqualified,Lead,Email Marketing,Maya Chen,2026-06-30 11:08,2026-08-18 08:37,
90269,Michelle,Martinez,michelle.martinez@gonzalezwhiteandyoun.com,,Director of IT,Gonzalez White and Young,https://gonzalezwhiteandyoun.com,Financial Services,201-500,Canada,Connected,Lead,Referrals,Daniel Ortiz,2026-08-28 22:38,2026-08-31 02:21,
90270,Kevin,Stewart,kevin.stewart@princehuber.com,+1 (707) 251-2886,Analyst,Prince-Huber,https://princehuber.com,Retail,1986,United States,Open Deal,Marketing Qualified Lead,Social Media,Priya Nair,2025-10-14 08:47,,"$2,100.00"
90271,Samuel,Shelton,samuel.shelton@rosellc.com,+1 (973) 162-7317,Team Lead,Rose LLC,https://rosellc.com,Online Media,51-200,Canada,Open,Marketing Qualified Lead,Referrals,Daniel Ortiz,2025-10-26 23:39,2026-01-24 23:28,
90272,Susan,Dominguez,susan.dominguez@escobaralvaradoandbo.com,+1 (716) 720-5501,Software Engineer,Escobar Alvarado and Booker,https://escobaralvaradoandbo.com,Logistics and Supply Chain,4702,United States,Attempted to Contact,Marketing Qualified Lead,Organic Search,Priya Nair,2026-06-08 03:19,,"$76,300.00"
90273,Danielle,Moreno,danielle.moreno@carrgatesandhall.com,+1 (525) 953-3312,Marketing Manager,Carr Gates and Hall,https://carrgatesandhall.com,Computer Software,201-500,United States,Open Deal,Sales Qualified Lead,Social Media,Tom Becker,2026-02-23 03:24,2026-05-11 01:03,"$22,000.00"
90274,Heidi,Murphy,heidi.murphy@adamsandrade.com,+1 (723) 988-8184,,Adams-Andrade,www.adamsandrade.com,Hospital & Health Care,4870,United States,Unqualified,Marketing Qualified Lead,Offline Sources,Tom Becker,2025-10-15 02:40,2026-04-04 00:46,
90275,Courtney,Collins,courtney.collins@meyersandsons.com,+1 (328) 367-9160,Team Lead,Meyers and Sons,www.meyersandsons.com,Hospital & Health Care,568,United States,Bad Timing,Customer,Offline Sources,Maya Chen,2026-05-11 07:14,2026-06-07 07:37,"$22,800.00"
90276,William,Villa,william.villa@adamsllc.com,+1 (841) 484-6019,Head of Growth,Adams LLC,adamsllc.com,Financial Services,201-500,United States,Open,Lead,Offline Sources,Priya Nair,2027-01-05 09:00,2026-01-13 05:00,
90277,Kathy,Murphy,kathy.murphy@simmonsgomez.com,+1 (395) 003-2675,Team Lead,Simmons-Gomez,www.simmonsgomez.com,Retail,201-500,United States,Bad Timing,Marketing Qualified Lead,Direct Traffic,Maya Chen,2026-03-31 11:09,,
90278,Zachary,Carroll,zachary.carroll@lopezinc.com,+1 (322) 419-0271,CEO,Lopez Inc,lopezinc.com,Computer Software,51-200,Canada,Unqualified,Lead,Referrals,Tom Becker,2026-04-25 11:09,2026-07-05 00:41,"$76,000.00"
90279,Leslie,Sullivan,leslie.sullivan@torresmcdonaldandesp.com,+1 (512) 167-1706,Software Engineer,Torres Mcdonald and Espinoza,www.torresmcdonaldandesp.com,Online Media,3448,United Kingdom,New,Sales Qualified Lead,Offline Sources,Tom Becker,2025-09-21 23:31,2026-02-05 10:00,"$34,900.00"
90280,Carrie,Hatfield,CARRIE.HATFIELD@PHILLIPSTHOMPSONANDSMITH.COM,+1 (289) 915-1145,Co-Founder,Phillips Thompson and Smith,phillipsthompsonandsmith.com,Mechanical or Industrial Engineering,4533,India,Unqualified,Sales Qualified Lead,Direct Traffic,Priya Nair,2026-01-18 06:11,2026-02-09 05:56,"$62,300.00"
90281,Denise,Baker,denise.baker@carterchristensen.com,+1 (126) 541-8165,Analyst,Carter-Christensen,carterchristensen.com,Computer Software,4993,Canada,Attempted to Contact,Customer,Direct Traffic,Priya Nair,2026-05-08 10:35,2026-08-11 08:14,"$9,300.00"
90282,Gregory,Cook,gregory.cook@mosesrobinson.com,+1 (416) 296-0977,VP of Sales,Moses-Robinson,mosesrobinson.com,Retail,201-500,India,Connected,Lead,Direct Traffic,Daniel Ortiz,2026-06-25 02:04,2026-07-31 22:15,"$39,700.00"
90283,Larry,Smith,larry.smith@changwilson.com,+1 (310) 077-2837,"Vice President, Operations",Chang-Wilson,https://changwilson.com,Hospital & Health Care,201-500,Germany,Nurture,Opportunity,Social Media,Daniel Ortiz,2026-01-04 12:00,,"$84,200.00"
90284,Charles,Travis,charles.travis@patelllc.com,+1 (386) 605-5493,Director of IT,Patel LLC,patelllc.com,Retail,2937,United States,Attempted to Contact,Sales Qualified Lead,Referrals,Priya Nair,2025-09-23 02:26,2026-07-21 22:34,"$51,600.00"
90285,Ernest,Vasquez,ernest.vasquez@huynhllc.com,+1 (222) 503-3237,Software Engineer,Huynh LLC,https://huynhllc.com,Computer Software,51-200,United States,Connected,Opportunity,Email Marketing,Tom Becker,2026-01-01 10:56,2026-08-21 21:30,
90286,Joanne,Baker,joanne.baker@brownaguilar.com,+1 (453) 955-5375,Team Lead,Brown-Aguilar,brownaguilar.com,Financial Services,51-200,Canada,Bad Timing,Marketing Qualified Lead,Referrals,Tom Becker,2025-10-18 22:15,2025-10-28 10:35,"$76,600.00"
90287,Teresa,Ward,teresa.ward@andrewsmartinezandmo.com,+1 (128) 181-2692,Software Engineer,Andrews Martinez and Morton,www.andrewsmartinezandmo.com,Logistics and Supply Chain,2157,United Kingdom,Open Deal,Customer,Referrals,Daniel Ortiz,2026-03-15 02:31,2026-07-14 08:50,"$28,300.00"
90288, Kelly ,Perry,KELLY.PERRY@CURRYFERGUSON.COM,+1 (335) 528-2111,VP of Sales,Curry-Ferguson,https://curryferguson.com,Mechanical or Industrial Engineering,343,United Kingdom,Open,Sales Qualified Lead,Referrals,Priya Nair,2026-09-11 22:02,2026-07-24 00:09,"$9,000.00"
90289,Kelly,Perry,kelly.perry@curryferguson.com,+1 (335) 528-2111,VP of Sales,Curry-Ferguson,https://curryferguson.com,Mechanical or Industrial Engineering,343,United Kingdom,Open,Sales Qualified Lead,Referrals,Priya Nair,2026-04-21 06:46,2026-07-24 00:09,"$9,000.00"
90290,Mary,Cooper,mary.cooper@greenaustin.com,+1 (364) 360-7903,Team Lead,Green-Austin,greenaustin.com,Computer Software,2309,United Kingdom,In Progress,Opportunity,Organic Search,Maya Chen,2025-08-31 02:34,,"$68,700.00"
90291,Allison,Hayes,allison.hayes@watkinswheeler.com,,Head of Growth,Watkins-Wheeler,https://watkinswheeler.com,Financial Services,51-200,United Kingdom,Open,Marketing Qualified Lead,Organic Search,Tom Becker,2026-01-26 06:29,2026-03-10 23:35,"$87,900.00"
90292,Brian,Chandler,brian.chandler@taylorallen.com,,Software Engineer,Taylor-Allen,www.taylorallen.com,Computer Software,201-500,India,Attempted to Contact,Sales Qualified Lead,Direct Traffic,Priya Nair,2026-05-29 21:15,2026-07-25 03:45,"$84,400.00"
90293,Nathan,Edwards,nathan.edwards@tapiameyer.com,+1 (870) 569-1095,Analyst,Tapia-Meyer,https://tapiameyer.com,Education Management,51-200,United States,Unqualified,Opportunity,Email Marketing,Tom Becker,2026-08-20 07:38,2026-08-27 02:25,"$52,300.00"
90294,Kyle,Smith,kyle.smith@holtltd.com,+1 (546) 321-4659,Head of Growth,Holt Ltd,https://holtltd.com,Retail,51-200,India,Connected,Marketing Qualified Lead,Organic Search,Maya Chen,2026-03-09 02:12,2026-04-30 08:01,
90295,Lauren,Cantu,lauren.cantu@torrescastillo.com,+1 (395) 730-1611,VP of Sales,Torres-Castillo,www.torrescastillo.com,Computer Software,189,United Kingdom,Unqualified,Lead,Offline Sources,Daniel Ortiz,2026-07-18 01:55,2026-08-07 10:45,"$18,200.00"
90296,Misty,Huff,misty.huff@fordwatsonandraymond.com,+1 (168) 839-3113,CEO,Ford Watson and Raymond,https://fordwatsonandraymond.com,Financial Services,201-500,United States,Connected,Lead,Organic Search,Priya Nair,2026-06-24 08:11,,"$33,800.00"
90297,Amanda,Rogers,amanda.rogers@robertsoncollins.com,+1 (485) 181-0261,Head of Growth,Robertson-Collins,robertsoncollins.com,Hospital & Health Care,51-200,United States,Bad Timing,Marketing Qualified Lead,Direct Traffic,Maya Chen,2026-07-02 08:36,,"$34,200.00"
90298,Lisa,Allen,lisa.allen@ortizmillerandelliot.com,+1 (309) 760-6167,CEO,Ortiz Miller and Elliott,https://ortizmillerandelliot.com,Computer Software,3904,United States,New,Customer,Direct Traffic,Maya Chen,2026-05-02 09:16,2026-05-21 21:24,"$15,100.00"
90299, Kevin ,Stewart,KEVIN.STEWART@PRINCEHUBER.COM,+1 (707) 251-2886,Analyst,Prince-Huber,https://princehuber.com,Retail,1986,United States,Open Deal,Marketing Qualified Lead,Social Media,Priya Nair,2026-09-12 11:06,,"$2,100.00"
90300,Dale,Williams,dale.williams@allenbush.com,+1 (469) 748-2123,CEO,Allen-Bush,allenbush.com,Hospital & Health Care,51-200,India,In Progress,Lead,Referrals,Daniel Ortiz,2025-08-23 04:19,,
